{"_state_version":1,"_state_engine_version":4,"_local":{"first_run":false,"initial_cwd":"C:\\Users\\Esila Nur Demirci\\taxi-pipeline","last_run_context":{"settings_dir":"C:\\Users\\Esila Nur Demirci\\taxi-pipeline\\.dlt","local_dir":"C:\\Users\\Esila Nur Demirci\\taxi-pipeline","run_dir":"C:\\Users\\Esila Nur Demirci\\taxi-pipeline","uri":"file:///C:/Users/Esila%20Nur%20Demirci/taxi-pipeline"},"_last_extracted_at":"2026-03-01T10:43:43.244553+00:00","_last_extracted_hash":"00Q68X8/sK07fdosOUGomj2UFDnvoaRM95sdcRUBTKo="},"schema_names":["nyc_taxi"],"default_schema_name":"nyc_taxi","dataset_name":"nyc_taxi","pipeline_name":"nyc_taxi_pipeline","destination_type":"dlt.destinations.duckdb","destination_name":null,"_version_hash":"00Q68X8/sK07fdosOUGomj2UFDnvoaRM95sdcRUBTKo="}