{
  "version": 2,
  "version_hash": "a7Z3Q5TT1hXLs2BeGvS8aK1vEbyEm05XCvelYi0yeGA=",
  "engine_version": 11,
  "name": "nyc_taxi",
  "tables": {
    "_dlt_version": {
      "name": "_dlt_version",
      "columns": {
        "version": {
          "name": "version",
          "data_type": "bigint",
          "nullable": false
        },
        "engine_version": {
          "name": "engine_version",
          "data_type": "bigint",
          "nullable": false
        },
        "inserted_at": {
          "name": "inserted_at",
          "data_type": "timestamp",
          "nullable": false
        },
        "schema_name": {
          "name": "schema_name",
          "data_type": "text",
          "nullable": false
        },
        "version_hash": {
          "name": "version_hash",
          "data_type": "text",
          "nullable": false
        },
        "schema": {
          "name": "schema",
          "data_type": "text",
          "nullable": false
        }
      },
      "write_disposition": "skip",
      "resource": "_dlt_version",
      "description": "Created by DLT. Tracks schema updates"
    },
    "_dlt_loads": {
      "name": "_dlt_loads",
      "columns": {
        "load_id": {
          "name": "load_id",
          "data_type": "text",
          "nullable": false,
          "precision": 64
        },
        "schema_name": {
          "name": "schema_name",
          "data_type": "text",
          "nullable": true
        },
        "status": {
          "name": "status",
          "data_type": "bigint",
          "nullable": false
        },
        "inserted_at": {
          "name": "inserted_at",
          "data_type": "timestamp",
          "nullable": false
        },
        "schema_version_hash": {
          "name": "schema_version_hash",
          "data_type": "text",
          "nullable": true
        }
      },
      "write_disposition": "skip",
      "resource": "_dlt_loads",
      "description": "Created by DLT. Tracks completed loads"
    },
    "nyc_taxi_trips": {
      "columns": {
        "rate_code": {
          "data_type": "text",
          "name": "rate_code"
        },
        "mta_tax": {
          "data_type": "double",
          "name": "mta_tax"
        },
        "end_lat": {
          "name": "end_lat",
          "data_type": "double",
          "nullable": true
        },
        "end_lon": {
          "name": "end_lon",
          "data_type": "double",
          "nullable": true
        },
        "fare_amt": {
          "name": "fare_amt",
          "data_type": "double",
          "nullable": true
        },
        "passenger_count": {
          "name": "passenger_count",
          "data_type": "bigint",
          "nullable": true
        },
        "payment_type": {
          "name": "payment_type",
          "data_type": "text",
          "nullable": true
        },
        "start_lat": {
          "name": "start_lat",
          "data_type": "double",
          "nullable": true
        },
        "start_lon": {
          "name": "start_lon",
          "data_type": "double",
          "nullable": true
        },
        "tip_amt": {
          "name": "tip_amt",
          "data_type": "double",
          "nullable": true
        },
        "tolls_amt": {
          "name": "tolls_amt",
          "data_type": "double",
          "nullable": true
        },
        "total_amt": {
          "name": "total_amt",
          "data_type": "double",
          "nullable": true
        },
        "trip_distance": {
          "name": "trip_distance",
          "data_type": "double",
          "nullable": true
        },
        "trip_dropoff_date_time": {
          "name": "trip_dropoff_date_time",
          "data_type": "timestamp",
          "nullable": true
        },
        "trip_pickup_date_time": {
          "name": "trip_pickup_date_time",
          "data_type": "timestamp",
          "nullable": true
        },
        "surcharge": {
          "name": "surcharge",
          "data_type": "double",
          "nullable": true
        },
        "vendor_name": {
          "name": "vendor_name",
          "data_type": "text",
          "nullable": true
        },
        "_dlt_load_id": {
          "name": "_dlt_load_id",
          "data_type": "text",
          "nullable": false
        },
        "_dlt_id": {
          "name": "_dlt_id",
          "data_type": "text",
          "nullable": false,
          "unique": true,
          "row_key": true
        },
        "store_and_forward": {
          "name": "store_and_forward",
          "nullable": true,
          "data_type": "double"
        }
      },
      "write_disposition": "append",
      "name": "nyc_taxi_trips",
      "resource": "nyc_taxi_trips",
      "x-normalizer": {
        "seen-data": true
      }
    },
    "_dlt_pipeline_state": {
      "columns": {
        "version": {
          "name": "version",
          "data_type": "bigint",
          "nullable": false
        },
        "engine_version": {
          "name": "engine_version",
          "data_type": "bigint",
          "nullable": false
        },
        "pipeline_name": {
          "name": "pipeline_name",
          "data_type": "text",
          "nullable": false
        },
        "state": {
          "name": "state",
          "data_type": "text",
          "nullable": false
        },
        "created_at": {
          "name": "created_at",
          "data_type": "timestamp",
          "nullable": false
        },
        "version_hash": {
          "name": "version_hash",
          "data_type": "text",
          "nullable": true
        },
        "_dlt_load_id": {
          "name": "_dlt_load_id",
          "data_type": "text",
          "nullable": false,
          "precision": 64
        },
        "_dlt_id": {
          "name": "_dlt_id",
          "data_type": "text",
          "nullable": false,
          "unique": true,
          "row_key": true
        }
      },
      "write_disposition": "append",
      "file_format": "preferred",
      "name": "_dlt_pipeline_state",
      "resource": "_dlt_pipeline_state",
      "x-normalizer": {
        "seen-data": true
      }
    }
  },
  "settings": {
    "detections": [
      "iso_timestamp"
    ],
    "default_hints": {
      "not_null": [
        "_dlt_id",
        "_dlt_root_id",
        "_dlt_parent_id",
        "_dlt_list_idx",
        "_dlt_load_id"
      ],
      "parent_key": [
        "_dlt_parent_id"
      ],
      "root_key": [
        "_dlt_root_id"
      ],
      "unique": [
        "_dlt_id"
      ],
      "row_key": [
        "_dlt_id"
      ]
    }
  },
  "normalizers": {
    "names": "snake_case",
    "json": {
      "module": "dlt.common.normalizers.json.relational"
    }
  },
  "previous_hashes": [
    "9A7M0dbMpFjm65FHvk3iueWX3UakAeFO8bmHFHTDePQ=",
    "esPfQ9ExPwfZlqJ4KMxrAn7+WI/NmcW1L7oGnjsS8A8="
  ]
}